,authorDisplayName,authorProfileImageUrl,authorChannelUrl,authorChannelId,channelId,videoId,textDisplay,textOriginal,parentId,canRate,viewerRating,likeCount,moderationStatus,publishedAt,updatedAt,lang,pred_label
0,ITS_ PINKY,https://yt3.ggpht.com/aFFlcFsCFl6x7CDRwNcVQUYGLHO52Tw_K8LpvMzk_MnrjWtVciseVoO74lrA-z9IFbzjwIopZA=s48-c-k-c0x00ffffff-no-rj,http://www.youtube.com/channel/UCjCRVkRpUlHqfp_gdpaBPOA,{'value': 'UCjCRVkRpUlHqfp_gdpaBPOA'},UCAQg09FkoobmLquNNoO4ulg,lKkIBuBKaYQ,Im sorry I&#39;m Indonesia,Im sorry I'm Indonesia,,True,none,0,,2023-10-15T04:04:09Z,2023-10-15T04:04:09Z,en,New Subscriber
1,Usha m,https://yt3.ggpht.com/ytc/APkrFKYIjAZ35MFIBV8AE3gLVGLMayYkh30VAs_ma4SNgA=s48-c-k-c0x00ffffff-no-rj,http://www.youtube.com/channel/UCSv68BgvNWFcgGGdjxBvLyw,{'value': 'UCSv68BgvNWFcgGGdjxBvLyw'},UCAQg09FkoobmLquNNoO4ulg,ct_9X-gwKMs,American English,American English,,True,none,0,,2023-10-15T04:00:52Z,2023-10-15T04:00:52Z,en,New Subscriber
2,Thandar MayOo,https://yt3.ggpht.com/ytc/APkrFKYn_Cfx3FQDMQ4LiDsNTjm7Esg6BC8CH-47zNgK2-1QJrDDHWPpz8G6S2NJDYTO=s48-c-k-c0x00ffffff-no-rj,http://www.youtube.com/channel/UCsboc7dHyi3UelUbOX-S_Mw,{'value': 'UCsboc7dHyi3UelUbOX-S_Mw'},UCAQg09FkoobmLquNNoO4ulg,qtlTMRyMWfU,thanks a lot teacher‚ù§,thanks a lot teacher‚ù§,,True,none,0,,2023-10-15T03:57:36Z,2023-10-15T03:57:36Z,en,Positive Feedback
3,my dreams mm,https://yt3.ggpht.com/P8FRE-AkxQArvRfemYoZ3mjJ2iOIj_BJHwnIjbUCdRI6jlSuUO3Kl1FP6HB_azyyXCyz_DNmfg=s48-c-k-c0x00ffffff-no-rj,http://www.youtube.com/channel/UCIzLlhvBSmWq7QOhP_kNerA,{'value': 'UCIzLlhvBSmWq7QOhP_kNerA'},UCAQg09FkoobmLquNNoO4ulg,ct_9X-gwKMs,American,American,,True,none,0,,2023-10-15T03:26:21Z,2023-10-15T03:26:21Z,en,Personal Story
4,MrCodesYt,https://yt3.ggpht.com/49FlPza06B7Ol1-600H4zf1lJ7P5Fsl0qkIoiOIRpHzhbLa0r_gge0-sagXLKzUZP3d-lUQdAw=s48-c-k-c0x00ffffff-no-rj,http://www.youtube.com/channel/UCeeiZqY6_7mtGSJLdw1x5Rw,{'value': 'UCeeiZqY6_7mtGSJLdw1x5Rw'},UCAQg09FkoobmLquNNoO4ulg,ct_9X-gwKMs,"Australians: Truck üöõ, Lolly üç¨, Cookie üç™, Jumper, Eggplant üçÜ.<br><br>3 x üá∫üá∏<br>1 x üá¨üáß<br>1 x üá¶üá∫","Australians: Truck üöõ, Lolly üç¨, Cookie üç™, Jumper, Eggplant üçÜ.

3 x üá∫üá∏
1 x üá¨üáß
1 x üá¶üá∫",,True,none,0,,2023-10-15T02:42:07Z,2023-10-15T02:42:07Z,en,Positive Feedback
5,Anisa aragsan,https://yt3.ggpht.com/ytc/APkrFKYk7_fRZDn30rdwqtmSJNNVsOAYYwx0d20tOw3tGw=s48-c-k-c0x00ffffff-no-rj,http://www.youtube.com/channel/UCD2p2xO92JiYNzOhbIx0uGg,{'value': 'UCD2p2xO92JiYNzOhbIx0uGg'},UCAQg09FkoobmLquNNoO4ulg,qXtKaqJrWCQ,Justa learning 1000 words but after minutes forget 999 words üòÆ,Justa learning 1000 words but after minutes forget 999 words üòÆ,,True,none,0,,2023-10-15T02:34:10Z,2023-10-15T02:34:10Z,en,Error in the video
6,Floralis Garcia,https://yt3.ggpht.com/ytc/APkrFKbPL2TTOtGpVB4TjoS35jV1UoFwvVzDcdshYQ=s48-c-k-c0x00ffffff-no-rj,http://www.youtube.com/channel/UCKwhJOaiWND4hA8iPiJyYDA,{'value': 'UCKwhJOaiWND4hA8iPiJyYDA'},UCAQg09FkoobmLquNNoO4ulg,ct_9X-gwKMs,Candy* United States/me calamelo*cuba,Candy* United States/me calamelo*cuba,,True,none,0,,2023-10-15T02:27:55Z,2023-10-15T02:27:55Z,en,New Subscriber
7,ELITE SEMI,https://yt3.ggpht.com/BWGmeGxNwykLJa2O-yUMo-NNh587ZNEzYkWdF64us57i52jUDFNRf5TjuHpEsRCwZvUBtsMP8Z4=s48-c-k-c0x00ffffff-no-rj,http://www.youtube.com/channel/UChGujcleMYSMUHFTW1vY9rQ,{'value': 'UChGujcleMYSMUHFTW1vY9rQ'},UCAQg09FkoobmLquNNoO4ulg,ct_9X-gwKMs,the last one was a dildo,the last one was a dildo,,True,none,0,,2023-10-15T02:26:50Z,2023-10-15T02:26:50Z,en,Collaboration Offers
8,Gamer AK,https://yt3.ggpht.com/DYStgUw138Lowu1SQ1tUovqg9ppDldGGKj7fyi2frq2RaptkFAmKuCyBtOPS1TEpKVBgncpXOw=s48-c-k-c0x00ffffff-no-rj,http://www.youtube.com/channel/UCuXmb4nfjt6YRbbm_V8ZiSA,{'value': 'UCuXmb4nfjt6YRbbm_V8ZiSA'},UCAQg09FkoobmLquNNoO4ulg,ct_9X-gwKMs,I said toffeeüòÇ,I said toffeeüòÇ,,True,none,0,,2023-10-15T02:24:01Z,2023-10-15T02:24:01Z,en,Joking
9,SP GAMING,https://yt3.ggpht.com/f3nI1s6sXsystUS97HE2rIQfdlwYQ1LyT3kj5OHZsliZHwtGV6rmDjXI5J4QK3tnMxT4hvAL_g=s48-c-k-c0x00ffffff-no-rj,http://www.youtube.com/channel/UCPu3aOEFq4e8FF6GigkcOpQ,{'value': 'UCPu3aOEFq4e8FF6GigkcOpQ'},UCAQg09FkoobmLquNNoO4ulg,ct_9X-gwKMs,And what about chocolateüòÇ,And what about chocolateüòÇ,,True,none,1,,2023-10-15T02:10:45Z,2023-10-15T02:10:45Z,en,Questions
11,Lavender,https://yt3.ggpht.com/0DLTVlZvUoKTrWWmhegS9Syn7ZlckIQ2-pWmo5WYEcMLJbNOr9zOmWQXN_-qRG564Rd3H3QXwA4=s48-c-k-c0x00ffffff-no-rj,http://www.youtube.com/channel/UCSLB0E3jkLM3T0U8VEjen7w,{'value': 'UCSLB0E3jkLM3T0U8VEjen7w'},UCAQg09FkoobmLquNNoO4ulg,tzSKTg4KuZY,There is no such thing as an &quot;American&quot; accent. Its very regional,"There is no such thing as an ""American"" accent. Its very regional",,True,none,0,,2023-10-15T01:13:39Z,2023-10-15T01:13:39Z,en,Questions
12,A-51 Labs Studio,https://yt3.ggpht.com/N-uXteK6aFIIV80KojTVZ0CrW4RtlfkKJA-nCGBvs5Js6xx2dQ4r9Ljb_LDJgsPNshXlz-3yXA=s48-c-k-c0x00ffffff-no-rj,http://www.youtube.com/channel/UCR2-0-BNGU3zHjEUZwmO2HQ,{'value': 'UCR2-0-BNGU3zHjEUZwmO2HQ'},UCAQg09FkoobmLquNNoO4ulg,f9ED2shSRJg,Working with Americans and Canadians who&#39;ll exploit you unless you&#39;re a top professional.  This is rubbish Marina. Stick to your English.,Working with Americans and Canadians who'll exploit you unless you're a top professional.  This is rubbish Marina. Stick to your English.,,True,none,0,,2023-10-15T00:30:44Z,2023-10-15T00:30:44Z,en,Irrelevant
13,Sophie Brionesmonette,https://yt3.ggpht.com/ytc/APkrFKZ_ytwnftOs0es04PlL_wv8OE6h5Jz4i3qJVtC7gMOzIg_SbJLhhEXKLR4ZgkRX=s48-c-k-c0x00ffffff-no-rj,http://www.youtube.com/channel/UCEbldQFNOAg1_IB85vW32RQ,{'value': 'UCEbldQFNOAg1_IB85vW32RQ'},UCAQg09FkoobmLquNNoO4ulg,ct_9X-gwKMs,The last one I was watching with my brother and he said that girl is sus,The last one I was watching with my brother and he said that girl is sus,,True,none,0,,2023-10-15T00:13:14Z,2023-10-15T00:13:23Z,en,Constructive Criticism
14,Mask_Mysterious,https://yt3.ggpht.com/efslXc4qQyrpdb_MgCX9BdO3QPiTqgOurjCfdzOWBW0IGrb5WU2VIg80tK3HShMI2V3l7D0ECQ=s48-c-k-c0x00ffffff-no-rj,http://www.youtube.com/channel/UC8OPlUUrqTMoQwnmrhqI2FQ,{'value': 'UC8OPlUUrqTMoQwnmrhqI2FQ'},UCAQg09FkoobmLquNNoO4ulg,lKkIBuBKaYQ,If chips are fries in uk then is fries chips in uk,If chips are fries in uk then is fries chips in uk,,True,none,0,,2023-10-14T23:43:36Z,2023-10-14T23:43:36Z,en,Questions
16,Karen Long,https://yt3.ggpht.com/ytc/APkrFKZdInunSDHa1pEVxpdzwEQp6Y5PQkulqACEWuwtjSIYnxOjMBJW77TeVs09l6_2=s48-c-k-c0x00ffffff-no-rj,http://www.youtube.com/channel/UC8XibGprXyzw9MiBfSNawiw,{'value': 'UC8XibGprXyzw9MiBfSNawiw'},UCAQg09FkoobmLquNNoO4ulg,ct_9X-gwKMs,Who the hell is calling it an aubergine?,Who the hell is calling it an aubergine?,,True,none,0,,2023-10-14T22:17:23Z,2023-10-14T22:17:23Z,en,Questions
17,ikram nader,https://yt3.ggpht.com/ytc/APkrFKbmZdT1z6fXEeoFaSwYEuv1pt9TdxaiaPpJsBG3_g=s48-c-k-c0x00ffffff-no-rj,http://www.youtube.com/channel/UCOjjnu1bu9sYuXJX3FEfypA,{'value': 'UCOjjnu1bu9sYuXJX3FEfypA'},UCAQg09FkoobmLquNNoO4ulg,jU3bd_vTJdk,"Dear foreigner, do not let the media mislead you about what is happening... Gaza has been under siege for eight days. There is no food, no water, no electricity, and no internet. Children and women are brutally bo*bed every day, hospitals declare that they are unable to absorb The huge number of wo*nded and marty*s...Israel is committing a crim*e against humanity ...and under the eyes of the whole world... And for the ones looking for the truth check @motaz_azaiza @saleh_aljafarawi @ahmedhijazee","Dear foreigner, do not let the media mislead you about what is happening... Gaza has been under siege for eight days. There is no food, no water, no electricity, and no internet. Children and women are brutally bo*bed every day, hospitals declare that they are unable to absorb The huge number of wo*nded and marty*s...Israel is committing a crim*e against humanity ...and under the eyes of the whole world... And for the ones looking for the truth check @motaz_azaiza @saleh_aljafarawi @ahmedhijazee",,True,none,0,,2023-10-14T22:04:55Z,2023-10-14T22:04:55Z,en,Questions
18,ikram nader,https://yt3.ggpht.com/ytc/APkrFKbmZdT1z6fXEeoFaSwYEuv1pt9TdxaiaPpJsBG3_g=s48-c-k-c0x00ffffff-no-rj,http://www.youtube.com/channel/UCOjjnu1bu9sYuXJX3FEfypA,{'value': 'UCOjjnu1bu9sYuXJX3FEfypA'},UCAQg09FkoobmLquNNoO4ulg,jU3bd_vTJdk,"Hello, please read this üôèüèª This is what is happening in  Pal,est!ne kids are ki. lled here people are defending what is theirs innocent souls are  mu. rd/ered ! They&#39;re letting them star&quot;ve to de*a th no water no electricity no food this is barb, aric !  please check these pages and you will see what the western media are hiding from you : @motaz_azaiza @eye.on.palestine  @ahmedhijazee @saleh_aljafarawi STAND WITH PAL,EST!NE and make people see the truth of the bru,tal behaviour of Isr:ael!!! ‚úäüèª","Hello, please read this üôèüèª This is what is happening in  Pal,est!ne kids are ki. lled here people are defending what is theirs innocent souls are  mu. rd/ered ! They're letting them star""ve to de*a th no water no electricity no food this is barb, aric !  please check these pages and you will see what the western media are hiding from you : @motaz_azaiza @eye.on.palestine  @ahmedhijazee @saleh_aljafarawi STAND WITH PAL,EST!NE and make people see the truth of the bru,tal behaviour of Isr:ael!!! ‚úäüèª",,True,none,0,,2023-10-14T22:04:51Z,2023-10-14T22:04:51Z,en,Positive Feedback
20,Milad Milad,https://yt3.ggpht.com/ytc/APkrFKZwHnuUY9JAg-nxxYa_VAPm1307z6zmxDuqac8o45uJjK5x2ppsy7MN7hj-mwVP=s48-c-k-c0x00ffffff-no-rj,http://www.youtube.com/channel/UCn4l5ReSIsRQt-XDjhs1YCg,{'value': 'UCn4l5ReSIsRQt-XDjhs1YCg'},UCAQg09FkoobmLquNNoO4ulg,Jzs91sQazrk,I was born in Syria<br>Yes I do have one brother<br>Every Friday and sometimes in Saturday and Thursday<br>I would like to see you marina<br>I would like to visit USA,"I was born in Syria
Yes I do have one brother
Every Friday and sometimes in Saturday and Thursday
I would like to see you marina
I would like to visit USA",,True,none,0,,2023-10-14T21:42:23Z,2023-10-14T21:42:23Z,en,Personal Story
22,–ë–æ—Ä–∏—Å –ò–≤–∞–Ω–æ–≤,https://yt3.ggpht.com/ytc/APkrFKZ9GbCgrgfXGX3cF3AweVVJfxiiDdLTsaWa2A=s48-c-k-c0x00ffffff-no-rj,http://www.youtube.com/channel/UCjWHk43DpPz70xm78mep4aQ,{'value': 'UCjWHk43DpPz70xm78mep4aQ'},UCAQg09FkoobmLquNNoO4ulg,oaqRo4zgguI,Very cute Emily ‚ù§,Very cute Emily ‚ù§,,True,none,0,,2023-10-14T21:31:49Z,2023-10-14T21:31:49Z,en,Positive Feedback
23,Moin Moin Rhabarber,https://yt3.ggpht.com/ytc/APkrFKZ-njxM0896a8NREs6EHxbHhErWzufjLIa389K6zckxGgHv5cIucEhhlHrKg7eC=s48-c-k-c0x00ffffff-no-rj,http://www.youtube.com/channel/UCLK4QkCJ3CyTAGhuMFoFrrg,{'value': 'UCLK4QkCJ3CyTAGhuMFoFrrg'},UCAQg09FkoobmLquNNoO4ulg,U4cIssgL3VE,As a German this is one of the few times I hear a foreigner actually speaking German well. üòÖüëç,As a German this is one of the few times I hear a foreigner actually speaking German well. üòÖüëç,,True,none,0,,2023-10-14T21:17:23Z,2023-10-14T21:17:23Z,en,New Subscriber
25,HarrisonKW10,https://yt3.ggpht.com/R3K16GkjDbu1L0oLwYBiDndZctcCxzPHdm9VfFgzQ3oQl8MOXrBXegJRdcFGuQcww7RHGz6vKw=s48-c-k-c0x00ffffff-no-rj,http://www.youtube.com/channel/UCgdW4vK8a6frA4YLC5IQjNQ,{'value': 'UCgdW4vK8a6frA4YLC5IQjNQ'},UCAQg09FkoobmLquNNoO4ulg,ct_9X-gwKMs,I‚Äôm British but I got two British ones‚Ä¶,I‚Äôm British but I got two British ones‚Ä¶,,True,none,0,,2023-10-14T21:01:20Z,2023-10-14T21:01:20Z,en,Personal Story
27,HiNoMegami,https://yt3.ggpht.com/ytc/APkrFKZEZah-P-K_S7q7PH9q9mSPbt19uXrW_ZeKiynTbg=s48-c-k-c0x00ffffff-no-rj,http://www.youtube.com/channel/UCit7UZpWkjGrUO8rSWffOzA,{'value': 'UCit7UZpWkjGrUO8rSWffOzA'},UCAQg09FkoobmLquNNoO4ulg,-6SV54Yqnjg,since entrepreneur is taken from French it&#39;s really easy for me x),since entrepreneur is taken from French it's really easy for me x),,True,none,0,,2023-10-14T20:34:24Z,2023-10-14T20:34:24Z,en,Joking
29,Lang Truong,https://yt3.ggpht.com/ytc/APkrFKZOPMsu6rLvQr11rE_ralFfEciyEyFSHPfizw=s48-c-k-c0x00ffffff-no-rj,http://www.youtube.com/channel/UCCIBQ13l5ELKdfj9uqtexXg,{'value': 'UCCIBQ13l5ELKdfj9uqtexXg'},UCAQg09FkoobmLquNNoO4ulg,-6SV54Yqnjg,I fail the last one,I fail the last one,,True,none,0,,2023-10-14T20:30:52Z,2023-10-14T20:30:52Z,en,Error in the video
30,theotherobsidian,https://yt3.ggpht.com/DuqywSgSafHtcBYY6bo7w5r7hgzk9sTQSCqzQ9ho2-nRi6_17w94Cbx9wSz0Krr3YCckQKB0=s48-c-k-c0x00ffffff-no-rj,http://www.youtube.com/channel/UCFZEQlFsZzngow09H5mA4Kg,{'value': 'UCFZEQlFsZzngow09H5mA4Kg'},UCAQg09FkoobmLquNNoO4ulg,ct_9X-gwKMs,America:eggplant<br>British:aubergine<br>Me:pp,"America:eggplant
British:aubergine
Me:pp",,True,none,0,,2023-10-14T20:25:30Z,2023-10-14T20:25:30Z,en,Constructive Criticism
31,hi_bye_lie.-.,https://yt3.ggpht.com/4GsivM_1vV42Hm1t3JZ69xxfOxrFT0fuWknP-QkkN7siqytN3UyIGBgZhoGKZju0U6UceBX6=s48-c-k-c0x00ffffff-no-rj,http://www.youtube.com/channel/UC3hHkdZmuAk-dAgwrxREouw,{'value': 'UC3hHkdZmuAk-dAgwrxREouw'},UCAQg09FkoobmLquNNoO4ulg,ct_9X-gwKMs,Me when I&#39;m a mixture of both üòÇ,Me when I'm a mixture of both üòÇ,,True,none,0,,2023-10-14T20:24:10Z,2023-10-14T20:24:10Z,en,Joking
32,Jeannite Family,https://yt3.ggpht.com/RVbSTYd_hj2B5w6L9a1OwjFB2MCnLgBbRTBfGVR_JIftCWb_sR6xQ9XsXWcPJd68fvp8mxRI2w=s48-c-k-c0x00ffffff-no-rj,http://www.youtube.com/channel/UCkflpc7i80wPY4OHgmeeo5Q,{'value': 'UCkflpc7i80wPY4OHgmeeo5Q'},UCAQg09FkoobmLquNNoO4ulg,ct_9X-gwKMs,It&#39;s similar to French,It's similar to French,,True,none,0,,2023-10-14T20:02:58Z,2023-10-14T20:02:58Z,en,Community
33,Roselin Morales,https://yt3.ggpht.com/ytc/APkrFKYlO7SRgSPof_5pUk6CVhDmuzMmJVwWXqlxfZ7d8FVroZRAKhvFqyyLESigIpGH=s48-c-k-c0x00ffffff-no-rj,http://www.youtube.com/channel/UC5v9J0KJk1Bn3BXCjQvBGtA,{'value': 'UC5v9J0KJk1Bn3BXCjQvBGtA'},UCAQg09FkoobmLquNNoO4ulg,ct_9X-gwKMs,American people:eggplant<br>Me:dick,"American people:eggplant
Me:dick",,True,none,0,,2023-10-14T19:58:19Z,2023-10-14T19:58:19Z,en,Constructive Criticism
34,hdwumah,https://yt3.ggpht.com/ytc/APkrFKaFExhaI4V8wwLXNC4bd8qPUREJQgVNzz0OXg=s48-c-k-c0x00ffffff-no-rj,http://www.youtube.com/channel/UCisI9z3LgnREZqnB4P9uAoQ,{'value': 'UCisI9z3LgnREZqnB4P9uAoQ'},UCAQg09FkoobmLquNNoO4ulg,ct_9X-gwKMs,BRUH IM QUATER AMERICA. I SPEAK BOTH LOL,BRUH IM QUATER AMERICA. I SPEAK BOTH LOL,,True,none,0,,2023-10-14T19:48:36Z,2023-10-14T19:48:36Z,en,Joking
35,@skeleton,https://yt3.ggpht.com/zwJrkIq-u5VsYrYEkFUhG6DvI3mK_e9uN6qYDfFRXg4exp71st8DkYA80bshgN2UvNWPcv4v_Q=s48-c-k-c0x00ffffff-no-rj,http://www.youtube.com/channel/UCbuTT2kmIDK2gf5L0jQii8A,{'value': 'UCbuTT2kmIDK2gf5L0jQii8A'},UCAQg09FkoobmLquNNoO4ulg,ct_9X-gwKMs,In Romania is not eggplant is Dick,In Romania is not eggplant is Dick,,True,none,0,,2023-10-14T19:36:16Z,2023-10-14T19:36:16Z,en,Error in the video
36,Rooster 1945,https://yt3.ggpht.com/NFGIh2HqGL2kSu6O5NCmG2WRWemuYexfIrRTDVcj9FXHxRS9m-rTptjjld0C2kqxgpR2B3_Jdg=s48-c-k-c0x00ffffff-no-rj,http://www.youtube.com/channel/UCDVk0d-rNBGrYrwUhgiAj9g,{'value': 'UCDVk0d-rNBGrYrwUhgiAj9g'},UCAQg09FkoobmLquNNoO4ulg,ct_9X-gwKMs,America: candy<br>British: sweets<br>My mom: diabetes,"America: candy
British: sweets
My mom: diabetes",,True,none,0,,2023-10-14T19:31:51Z,2023-10-14T19:31:51Z,en,Constructive Criticism
37,Daniel,https://yt3.ggpht.com/ytc/APkrFKZ-tI79EEzqAu1V6usYoEgw3ntLLBXMVv2qJuew5uwSlVIpUVHJAsJbFG8P155O=s48-c-k-c0x00ffffff-no-rj,http://www.youtube.com/channel/UCIe8xaWstaAi922yMX0WWJw,{'value': 'UCIe8xaWstaAi922yMX0WWJw'},UCAQg09FkoobmLquNNoO4ulg,ct_9X-gwKMs,Last he I thought in American she is gonna say penis,Last he I thought in American she is gonna say penis,,True,none,0,,2023-10-14T19:25:30Z,2023-10-14T19:25:30Z,en,Error in the video
38,Lafita,https://yt3.ggpht.com/sA23DQlYcANNtAqEOQKtu_vg8MG2FmhCCwpAcgC0dk63iTshPCLf6j-VKfbPecQUiNf3xv6ZlO0=s48-c-k-c0x00ffffff-no-rj,http://www.youtube.com/channel/UCph9Gy0u3ET0snkFXoa3VEQ,{'value': 'UCph9Gy0u3ET0snkFXoa3VEQ'},UCAQg09FkoobmLquNNoO4ulg,ciM0UBHJEvs,Finally an English speaker that I can understand jajjajajaj thanks for the slang‚ù§Ô∏è,Finally an English speaker that I can understand jajjajajaj thanks for the slang‚ù§Ô∏è,,True,none,0,,2023-10-14T19:20:23Z,2023-10-14T19:20:23Z,en,Positive Feedback
39,–ë–∞—Ç—è–≥–∏–Ω–∞ –£–ª—å—è–Ω–∞,https://yt3.ggpht.com/ytc/APkrFKZUdPGxmsuHB2SVXDuxdupdN7GLvQXux6cozn7OEw=s48-c-k-c0x00ffffff-no-rj,http://www.youtube.com/channel/UCbMcx-dobRbdoFwGyp-rEhw,{'value': 'UCbMcx-dobRbdoFwGyp-rEhw'},UCAQg09FkoobmLquNNoO4ulg,7og3c1WleZY,"Hello, Marina) i have been learning english for 3 years maybe and  now i have b1-b2 level and when i started it was in 2019 year, my level was A1, and now i proud of myself in somthing degreeüòä","Hello, Marina) i have been learning english for 3 years maybe and  now i have b1-b2 level and when i started it was in 2019 year, my level was A1, and now i proud of myself in somthing degreeüòä",,True,none,0,,2023-10-14T19:10:23Z,2023-10-14T19:10:23Z,en,Personal Story
43,Star Dust,https://yt3.ggpht.com/ytc/APkrFKay60PN4VX15WwOsqwbpE_VHaH6vL2NOItThO5rE36lgvCX6Da8axEFnVxMUzPY=s48-c-k-c0x00ffffff-no-rj,http://www.youtube.com/channel/UCGygxHzS9WyXlFNwQ6EJ4tg,{'value': 'UCGygxHzS9WyXlFNwQ6EJ4tg'},UCAQg09FkoobmLquNNoO4ulg,ct_9X-gwKMs,"Your face ,,,make some kind of positive attraction,,,the vibe energy bla bla ü§ìüòÇ,,,informative,,,try differentiating the sentences ‚Ä¶‚ú®","Your face ,,,make some kind of positive attraction,,,the vibe energy bla bla ü§ìüòÇ,,,informative,,,try differentiating the sentences ‚Ä¶‚ú®",,True,none,0,,2023-10-14T19:00:08Z,2023-10-14T19:00:08Z,en,Joking
44,hey thereüôÉ,https://yt3.ggpht.com/p_xd-Xt9bEagIV8_GIh-gLYbZ2O7TgT5vGSTdm3hq9X8DpcllnblBNXFD-khWKyKIk7Tv1l-=s48-c-k-c0x00ffffff-no-rj,http://www.youtube.com/channel/UCZW2tPetPe7rC5rZFws4Y3A,{'value': 'UCZW2tPetPe7rC5rZFws4Y3A'},UCAQg09FkoobmLquNNoO4ulg,iNCHuD7LI1s,seriously ! i do say this word all the timeüòÇüòÇüòÇüòÇ,seriously ! i do say this word all the timeüòÇüòÇüòÇüòÇ,,True,none,0,,2023-10-14T18:16:03Z,2023-10-14T18:16:03Z,en,Joking
45,grainne kelly,https://yt3.ggpht.com/ytc/APkrFKYRIVoHkA1hkLDdmDxIIT6RRSHVy2VIj4eTE4DBmhtb3IZHpj0ec-niOrDIzY5k=s48-c-k-c0x00ffffff-no-rj,http://www.youtube.com/channel/UCGizgw8G7ASVFdTFpUVjxvg,{'value': 'UCGizgw8G7ASVFdTFpUVjxvg'},UCAQg09FkoobmLquNNoO4ulg,ct_9X-gwKMs,It‚Äôs not only British people who say stuff like that. It‚Äôs kind of sad that Britain get more of the credit about what we both say,It‚Äôs not only British people who say stuff like that. It‚Äôs kind of sad that Britain get more of the credit about what we both say,,True,none,1,,2023-10-14T18:14:57Z,2023-10-14T18:14:57Z,en,Personal Story
47,fanta lover123,https://yt3.ggpht.com/k3Outjwg1tjA4j52rHaKZWmdhbAbM7GCzF6d1xZN6vsn-jPG_kI8fvJCGGxiKezTYI2-Ruso=s48-c-k-c0x00ffffff-no-rj,http://www.youtube.com/channel/UCcGXNg7pAir9oFztXgEVYaw,{'value': 'UCcGXNg7pAir9oFztXgEVYaw'},UCAQg09FkoobmLquNNoO4ulg,lQhNORhXaNk,POV my bff explaining English for me because the teacher is confusing,POV my bff explaining English for me because the teacher is confusing,,True,none,0,,2023-10-14T17:58:27Z,2023-10-14T17:58:27Z,en,Positive Feedback
48,Surekha Thakur,https://yt3.ggpht.com/ytc/APkrFKbfA7a27ACKf7uVkpADI_CuROF6r11ohkexdw=s48-c-k-c0x00ffffff-no-rj,http://www.youtube.com/channel/UCYBVPG3tuii08pPcKOM7F_Q,{'value': 'UCYBVPG3tuii08pPcKOM7F_Q'},UCAQg09FkoobmLquNNoO4ulg,ct_9X-gwKMs,Who hate british üëá,Who hate british üëá,,True,none,0,,2023-10-14T17:57:45Z,2023-10-14T17:57:45Z,en,Constructive Criticism
49,Ridwan Faisal,https://yt3.ggpht.com/ytc/APkrFKaJnzEfsUIIx_NCv6s4KSHzgnMl-4TtFf_uUfWw6w=s48-c-k-c0x00ffffff-no-rj,http://www.youtube.com/channel/UCDv1pOrjv7tbd_mOn_V_Oxg,{'value': 'UCDv1pOrjv7tbd_mOn_V_Oxg'},UCAQg09FkoobmLquNNoO4ulg,Xf0_eAAufQs,"I want to work abroad, have friends from different countries, change my life for the better and show everyone who thinks I&#39;m incapable to achive mygoals , that I&#39;m capable to get my goals.","I want to work abroad, have friends from different countries, change my life for the better and show everyone who thinks I'm incapable to achive mygoals , that I'm capable to get my goals.",,True,none,0,,2023-10-14T17:55:03Z,2023-10-14T17:55:03Z,en,Questions
50,Youtubecx3max,https://yt3.ggpht.com/6r2Py_wp2eDN84FKo4P75XSU5v5mWo73rZHlnjc-rOLyXtikmaz76Av6QQNrHb0B_UWSSHMiQw=s48-c-k-c0x00ffffff-no-rj,http://www.youtube.com/channel/UCUDiJmzcO6VlX7HIqtUSWyQ,{'value': 'UCUDiJmzcO6VlX7HIqtUSWyQ'},UCAQg09FkoobmLquNNoO4ulg,ct_9X-gwKMs,British: Aubergine<br>American: Eggplant<br>India: Baigannn üòÇüòÇ,"British: Aubergine
American: Eggplant
India: Baigannn üòÇüòÇ",,True,none,0,,2023-10-14T17:54:05Z,2023-10-14T17:54:05Z,en,Error in the video
51,el mu√±eco feroz,https://yt3.ggpht.com/ytc/APkrFKaMY1Tze6Uv1lHLri2nOtJ7t1r6g7Snw8PItggUe6I=s48-c-k-c0x00ffffff-no-rj,http://www.youtube.com/channel/UCarR11tGUb3bw2mNj9WvPew,{'value': 'UCarR11tGUb3bw2mNj9WvPew'},UCAQg09FkoobmLquNNoO4ulg,6VHjpb5jHY8,I did not not know cactus,I did not not know cactus,,True,none,0,,2023-10-14T17:47:03Z,2023-10-14T17:47:03Z,en,Error in the video
53,Chinki And Ladoo Show,https://yt3.ggpht.com/UtjEiseAGQIZj4KvWzL_gQ8ANny1001YZ20NxRKu0Qv-HJ25Ye30Lq-dw9mQ5ioWRHFoInCKGPI=s48-c-k-c0x00ffffff-no-rj,http://www.youtube.com/channel/UCPpKcuOgnTCDlhyi8jcM2Fw,{'value': 'UCPpKcuOgnTCDlhyi8jcM2Fw'},UCAQg09FkoobmLquNNoO4ulg,ct_9X-gwKMs,I am half British and Half American ü§¶‚ò†Ô∏è‚ò†Ô∏èüíÄüíÄ,I am half British and Half American ü§¶‚ò†Ô∏è‚ò†Ô∏èüíÄüíÄ,,True,none,1,,2023-10-14T17:30:00Z,2023-10-14T17:30:00Z,en,Personal Story
54,GOD ,https://yt3.ggpht.com/VDBgkIpMn8eAE5eoJTHQsVZv4KioPuYj25wrq9-GIxOiRh0n_yz74NJq3IHA4pkKbcMm6glrAg=s48-c-k-c0x00ffffff-no-rj,http://www.youtube.com/channel/UCl-zY6OdGrfoZJrtnTB1sSw,{'value': 'UCl-zY6OdGrfoZJrtnTB1sSw'},UCAQg09FkoobmLquNNoO4ulg,ct_9X-gwKMs,"American :eggplant<br>British:Aubergine<br>Bharati/Indian: favourite subject<br>Aai,baiganüòÇüòÇ<br><br>Indians will get it","American :eggplant
British:Aubergine
Bharati/Indian: favourite subject
Aai,baiganüòÇüòÇ

Indians will get it",,True,none,0,,2023-10-14T17:26:15Z,2023-10-14T17:26:15Z,en,Joking
57,Emma onill,https://yt3.ggpht.com/2HcqnHRilZMzmsJX5aBP9-UO1G5pTA-kbY2OC1Uz30FWAZyUYju3GzYi-Ln7r5wZvw_eJgGpM84=s48-c-k-c0x00ffffff-no-rj,http://www.youtube.com/channel/UCnTyqBXucCR56Dk85GRAihA,{'value': 'UCnTyqBXucCR56Dk85GRAihA'},UCAQg09FkoobmLquNNoO4ulg,ct_9X-gwKMs,I speak british,I speak british,,True,none,0,,2023-10-14T17:13:46Z,2023-10-14T17:13:46Z,en,New Subscriber
59,Amin Afridi,https://yt3.ggpht.com/ytc/APkrFKZoG-gFrmo65_s_wsozdBegJlpGe2cyVWBanqwyY6XJjBIyXEjEo-tsXZpTAb2w=s48-c-k-c0x00ffffff-no-rj,http://www.youtube.com/channel/UCiuVkmFShe46IUpeR4CSEVg,{'value': 'UCiuVkmFShe46IUpeR4CSEVg'},UCAQg09FkoobmLquNNoO4ulg,PT765vSgH6o,mam how i can get scalarship in the usa different universities,mam how i can get scalarship in the usa different universities,,True,none,0,,2023-10-14T17:02:35Z,2023-10-14T17:02:35Z,en,Questions
60,Sheetal Hada,https://yt3.ggpht.com/ytc/APkrFKb25SolaiupFZX1xNI8G80Ykox7g9ItHTnD9A=s48-c-k-c0x00ffffff-no-rj,http://www.youtube.com/channel/UCSOwJ1zP-B7zh6nZT0Gi-ZA,{'value': 'UCSOwJ1zP-B7zh6nZT0Gi-ZA'},UCAQg09FkoobmLquNNoO4ulg,ct_9X-gwKMs,Brinjal left the chat,Brinjal left the chat,,True,none,0,,2023-10-14T17:01:55Z,2023-10-14T17:01:55Z,en,Positive Feedback
61,Zachy‚Äôs Gaming,https://yt3.ggpht.com/v9pWBRo01C_ifboKAYK9MN9x5LlnLN5ORN8BBf-U_6MYlZ-mvcBXWjK_FcW8DWnEphtyoaOPFw=s48-c-k-c0x00ffffff-no-rj,http://www.youtube.com/channel/UCAaULAnr9GhbwuUJ7yX0kZw,{'value': 'UCAaULAnr9GhbwuUJ7yX0kZw'},UCAQg09FkoobmLquNNoO4ulg,ct_9X-gwKMs,American eggplant <br>British peni,"American eggplant 
British peni",,True,none,0,,2023-10-14T16:59:47Z,2023-10-14T16:59:47Z,en,Constructive Criticism
63,"USA, country ball.",https://yt3.ggpht.com/Vqt--SYS-wQOqELuVpoz7z1CJE_5YsgkAzQWDC4RVMOsFZAeMsZFRU-2nW2QmV7X7j8B7Ijz=s48-c-k-c0x00ffffff-no-rj,http://www.youtube.com/channel/UC9SWRJi4Mw1T4IWeby6lT1g,{'value': 'UC9SWRJi4Mw1T4IWeby6lT1g'},UCAQg09FkoobmLquNNoO4ulg,HDNq6ypnQqU,Welcome to the USA üá∫üá∏ we don‚Äôt play around here.,Welcome to the USA üá∫üá∏ we don‚Äôt play around here.,,True,none,0,,2023-10-14T16:51:47Z,2023-10-14T16:51:47Z,en,New Subscriber
64,zeus,https://yt3.ggpht.com/-1duT1b8EZz0PxgqWBAiorm9-gmXabL1YEFQw5FK7nunPZmME4e0Ka_fJzrIka_D4zezbpAyMA=s48-c-k-c0x00ffffff-no-rj,http://www.youtube.com/channel/UCnOaGyuK_w-sfhGCPCXa-ug,{'value': 'UCnOaGyuK_w-sfhGCPCXa-ug'},UCAQg09FkoobmLquNNoO4ulg,ct_9X-gwKMs,TofeeüíÄ,TofeeüíÄ,,True,none,0,,2023-10-14T16:51:31Z,2023-10-14T16:51:31Z,en,Positive Feedback
65,Karan 35,https://yt3.ggpht.com/ytc/APkrFKZMPO8bNc8hpR5oH_tnozeIEdDMOkQ1qLmDbQ=s48-c-k-c0x00ffffff-no-rj,http://www.youtube.com/channel/UCAypriMPe0iZ77osuqy_jaA,{'value': 'UCAypriMPe0iZ77osuqy_jaA'},UCAQg09FkoobmLquNNoO4ulg,ct_9X-gwKMs,Indians - where am i,Indians - where am i,,True,none,0,,2023-10-14T16:50:34Z,2023-10-14T16:50:34Z,en,Questions
66,fuzail Ahmad ansari,https://yt3.ggpht.com/ytc/APkrFKb3uq_P5TBseFxggTia2FOvuZUOJHGiifbnFg=s48-c-k-c0x00ffffff-no-rj,http://www.youtube.com/channel/UCaFtaqUIKuh7TyrLs-bcKWQ,{'value': 'UCaFtaqUIKuh7TyrLs-bcKWQ'},UCAQg09FkoobmLquNNoO4ulg,f9ED2shSRJg,your accent is very clear  ..many many thank you mam,your accent is very clear  ..many many thank you mam,,True,none,0,,2023-10-14T16:47:28Z,2023-10-14T16:47:28Z,en,Positive Feedback
68,Rajshree Kumar,https://yt3.ggpht.com/ytc/APkrFKatL6VAyBRvVfpmlczahwc_EnwhGVvqH9vp4devVieqekSPYHug040nN_KXM_d0=s48-c-k-c0x00ffffff-no-rj,http://www.youtube.com/channel/UCOsIJf4-JcPXf455qKwuRhA,{'value': 'UCOsIJf4-JcPXf455qKwuRhA'},UCAQg09FkoobmLquNNoO4ulg,ct_9X-gwKMs,America = eggplant <br>Britisherers= I forgot <br>Me= baigan,"America = eggplant 
Britisherers= I forgot 
Me= baigan",,True,none,0,,2023-10-14T16:42:08Z,2023-10-14T16:42:08Z,en,Constructive Criticism
70,Pooja Trivedi,https://yt3.ggpht.com/ytc/APkrFKZLoEW_yCkGX7S1YilCdPeFb4wLCsEynGsBquu7tBaZe77m2wermEyuF9u2nMr2=s48-c-k-c0x00ffffff-no-rj,http://www.youtube.com/channel/UCp275IMrEY-PMKsfcT0EdPw,{'value': 'UCp275IMrEY-PMKsfcT0EdPw'},UCAQg09FkoobmLquNNoO4ulg,ct_9X-gwKMs,Americans:Eggplant <br> Britishers: Aubergine <br> Le me:Then what brinjal? ü§îüòÖ,"Americans:Eggplant 
 Britishers: Aubergine 
 Le me:Then what brinjal? ü§îüòÖ",,True,none,0,,2023-10-14T16:34:34Z,2023-10-14T16:34:34Z,en,Questions
71,Md Khan,https://yt3.ggpht.com/ytc/APkrFKZ8WEmicveDTu8lfI326kVXhU7LVTjmZ_dLmtwqAMeXK2w5zUx1BVu-k_I_R5cl=s48-c-k-c0x00ffffff-no-rj,http://www.youtube.com/channel/UCnTfZfXs8aopVCzGVvI5cYQ,{'value': 'UCnTfZfXs8aopVCzGVvI5cYQ'},UCAQg09FkoobmLquNNoO4ulg,cyaKqd6wbIM,Bal shoye spaseeba,Bal shoye spaseeba,,True,none,0,,2023-10-14T16:33:06Z,2023-10-14T16:33:06Z,en,Positive Feedback
73,"OP..Gamer,,,BC",https://yt3.ggpht.com/HogW8nxGCvhjOHyhBOrjXz23t01njEMlonmQ4t_a-W8O6LkeWc7nNr794XbC8AJLugcPDORsHAg=s48-c-k-c0x00ffffff-no-rj,http://www.youtube.com/channel/UCyFtWiLYxxVUhy3MWSv6QgQ,{'value': 'UCyFtWiLYxxVUhy3MWSv6QgQ'},UCAQg09FkoobmLquNNoO4ulg,U4cIssgL3VE,How apply school visa,How apply school visa,,True,none,0,,2023-10-14T16:13:36Z,2023-10-14T16:13:36Z,en,Questions
74,Olworsxkisxk2821,https://yt3.ggpht.com/lXYgeyjTAQ29LSQOA6Px6uVKfgumiuGm853h86sS-_tbM6FMJnjWDDmfM38K2PgGP4LFI304x4c=s48-c-k-c0x00ffffff-no-rj,http://www.youtube.com/channel/UCrP26AK6bXLGgjyOUOIIFIg,{'value': 'UCrP26AK6bXLGgjyOUOIIFIg'},UCAQg09FkoobmLquNNoO4ulg,ct_9X-gwKMs,Do you spa≈Ç english,Do you spa≈Ç english,,True,none,0,,2023-10-14T16:12:39Z,2023-10-14T16:12:39Z,en,Questions
75,Lidia,https://yt3.ggpht.com/ytc/APkrFKaXbT5mTdPeVHzEmaDiTfiIHNCDXHhDSWAzohT1sU-iTD3OwTV2bq18oYzrmqsR=s48-c-k-c0x00ffffff-no-rj,http://www.youtube.com/channel/UC2vfoIAkUup1te3nbArmfew,{'value': 'UC2vfoIAkUup1te3nbArmfew'},UCAQg09FkoobmLquNNoO4ulg,ct_9X-gwKMs,American üá∫üá∏,American üá∫üá∏,,True,none,0,,2023-10-14T16:12:38Z,2023-10-14T16:12:38Z,en,New Subscriber
77,anime boy,https://yt3.ggpht.com/Gy1H0wZkSHlePNrHf4kPj7guuB736b43A5J-hgU5ADoWHe8n91RCuBahjidXLr5UxRTgaXsdEA=s48-c-k-c0x00ffffff-no-rj,http://www.youtube.com/channel/UCRoSIteF6FS8RQuZA-1euhA,{'value': 'UCRoSIteF6FS8RQuZA-1euhA'},UCAQg09FkoobmLquNNoO4ulg,ct_9X-gwKMs,But last one was thanosüçÜüçÜüçÜ,But last one was thanosüçÜüçÜüçÜ,,True,none,0,,2023-10-14T16:07:43Z,2023-10-14T16:07:43Z,en,Positive Feedback
78,Adrija Banerjee,https://yt3.ggpht.com/ytc/APkrFKYaORGxRyN14EhKa7TQarU9LzvKWCWJToKtecoRig=s48-c-k-c0x00ffffff-no-rj,http://www.youtube.com/channel/UCooqONNGRx2kRp7lg8E3FlQ,{'value': 'UCooqONNGRx2kRp7lg8E3FlQ'},UCAQg09FkoobmLquNNoO4ulg,ct_9X-gwKMs,American: cookie<br>British: biscuit<br>Indian:biscut<br>in my house: bicu<br>üëá,"American: cookie
British: biscuit
Indian:biscut
in my house: bicu
üëá",,True,none,0,,2023-10-14T16:04:41Z,2023-10-14T16:04:41Z,en,Positive Feedback
79,TVman,https://yt3.ggpht.com/zXGcmNR6BCcQv0zUs__XLOfo4MrPkeYDk_z17FCN4hkqiMxouBYWdfTn6LMFE0FyzPL0Buuw4w=s48-c-k-c0x00ffffff-no-rj,http://www.youtube.com/channel/UCB8MGx6vSBK58fXfZzUfvKg,{'value': 'UCB8MGx6vSBK58fXfZzUfvKg'},UCAQg09FkoobmLquNNoO4ulg,ct_9X-gwKMs,American: Eggplant<br>British: Aubergine<br><br><br><br><br><b>Me: Di-</b>,"American: Eggplant
British: Aubergine




*Me: Di-*",,True,none,0,,2023-10-14T15:37:02Z,2023-10-14T15:37:40Z,en,Constructive Criticism
80,Delish,https://yt3.ggpht.com/k6iuHl4IZGidsu0Mh3GP5R2A-C_zb0CjmJtySISHe7XO4buJONpfQgII-gmfD3vGTFizkSOD=s48-c-k-c0x00ffffff-no-rj,http://www.youtube.com/channel/UCaC8zDUUMJ3NT4GcwDWoozg,{'value': 'UCaC8zDUUMJ3NT4GcwDWoozg'},UCAQg09FkoobmLquNNoO4ulg,O2bQN4JSrd8,this makes me feel worse. I don‚Äôt want to spend the rest of my life with a shitty Spanish teacher who expects me to be fluent and doesn‚Äôt even give a shit abt my mental health. im terrified of Spanish like I think i have spanish class phobia (im being serious)üòû,this makes me feel worse. I don‚Äôt want to spend the rest of my life with a shitty Spanish teacher who expects me to be fluent and doesn‚Äôt even give a shit abt my mental health. im terrified of Spanish like I think i have spanish class phobia (im being serious)üòû,,True,none,0,,2023-10-14T15:34:54Z,2023-10-14T15:34:54Z,en,Personal Story
81,Annapurna Murthy,https://yt3.ggpht.com/ytc/APkrFKbfN4SoVhvj_mvXPaMSRVcumg4g3hCpE5Zjnw=s48-c-k-c0x00ffffff-no-rj,http://www.youtube.com/channel/UCn_hbh6PIhRew4jnLcawoqg,{'value': 'UCn_hbh6PIhRew4jnLcawoqg'},UCAQg09FkoobmLquNNoO4ulg,ct_9X-gwKMs,Me who said bringalüòÖ,Me who said bringalüòÖ,,True,none,0,,2023-10-14T15:28:14Z,2023-10-14T15:28:14Z,en,Joking
82,Roa Ali,https://yt3.ggpht.com/301IsAYn13QEQ2Dvjcc3YuvmhxNu5xlGjMKFtWt1P_mC5C156T5uL24mJtpXCga-_hbY9ux002Q=s48-c-k-c0x00ffffff-no-rj,http://www.youtube.com/channel/UChrA9XsFXvTrqIfi8zARaXg,{'value': 'UChrA9XsFXvTrqIfi8zARaXg'},UCAQg09FkoobmLquNNoO4ulg,QXVzmzhxWWc,The Homework :<br>first sentence: for 2 years      second sentence: since 2021,"The Homework :
first sentence: for 2 years      second sentence: since 2021",,True,none,0,,2023-10-14T15:24:06Z,2023-10-14T15:24:06Z,en,Timestamps
83,Spanish Time,https://yt3.ggpht.com/ytc/APkrFKZCV0nZ7qGnsK92ErQQP1veQLrZNmIZw1QF0fWaug=s48-c-k-c0x00ffffff-no-rj,http://www.youtube.com/channel/UCGk-QJ8Gj91uW_V-2GKOffw,{'value': 'UCGk-QJ8Gj91uW_V-2GKOffw'},UCAQg09FkoobmLquNNoO4ulg,ATuiEVOsEis,Tips to understand TV news m√°ster Teacher please .,Tips to understand TV news m√°ster Teacher please .,,True,none,0,,2023-10-14T15:14:37Z,2023-10-14T15:14:37Z,en,Constructive Criticism
84,Hamza Shakil,https://yt3.ggpht.com/ytc/APkrFKZZ_TtFF47X3gRP_VW8ftPsfk-HzeGSqFfv7w=s48-c-k-c0x00ffffff-no-rj,http://www.youtube.com/channel/UCZd0-Dm2eOqCTF-yHwYIBtQ,{'value': 'UCZd0-Dm2eOqCTF-yHwYIBtQ'},UCAQg09FkoobmLquNNoO4ulg,ct_9X-gwKMs,Americans:eggplant<br>British:aubergine <br>Me:umm it&#39;s an uhh peni,"Americans:eggplant
British:aubergine 
Me:umm it's an uhh peni",,True,none,0,,2023-10-14T15:09:21Z,2023-10-14T15:09:21Z,en,Constructive Criticism
85,Hani Day,https://yt3.ggpht.com/Du-2S8jirht2UTwVluon7qMGbih0DCRhTgtPjTFvpqB-fQCTbL4ZnXY8-7aTnqLK5WNIi--mig=s48-c-k-c0x00ffffff-no-rj,http://www.youtube.com/channel/UCriOebYeKwN6Db2n3yWD37A,{'value': 'UCriOebYeKwN6Db2n3yWD37A'},UCAQg09FkoobmLquNNoO4ulg,ct_9X-gwKMs,American:candy<br>British:Sweets<br>Me:lolly,"American:candy
British:Sweets
Me:lolly",,True,none,0,,2023-10-14T15:06:55Z,2023-10-14T15:06:55Z,en,Constructive Criticism
87,almazooni amv,https://yt3.ggpht.com/pelAitJSRKuYf5mSbSJBgiHlZssxkn-H0HO4pi4IB0iO0TDetV5YnD6_FWGKlCR3hHt7GZ67=s48-c-k-c0x00ffffff-no-rj,http://www.youtube.com/channel/UCn_xv5jvN-UnB0rgO950aPQ,{'value': 'UCn_xv5jvN-UnB0rgO950aPQ'},UCAQg09FkoobmLquNNoO4ulg,QXVzmzhxWWc,He lives in 13 long street. I&#39;m visiting my grandma at a hospital. I like traveling in a train. This is my answer.,He lives in 13 long street. I'm visiting my grandma at a hospital. I like traveling in a train. This is my answer.,,True,none,0,,2023-10-14T14:58:47Z,2023-10-14T14:58:47Z,en,Personal Story
88,JunaidGGS,https://yt3.ggpht.com/7ZIA4JnzJ4z46KjPWPB7Aw3Qpg6aiZto3M2TTVRoJLKKSL_oeIFYMU-bOrVWPDJ8ZUQ0HruXwKc=s48-c-k-c0x00ffffff-no-rj,http://www.youtube.com/channel/UCk95SyR30fHaNfqdppHrDQA,{'value': 'UCk95SyR30fHaNfqdppHrDQA'},UCAQg09FkoobmLquNNoO4ulg,zrY1mDAuKNY,American- pacifier <br>Australia- dummy üíÄ,"American- pacifier 
Australia- dummy üíÄ",,True,none,0,,2023-10-14T14:52:04Z,2023-10-14T14:52:04Z,en,Trolling
89,shafrizal mdnoor,https://yt3.ggpht.com/ytc/APkrFKbJ1e5Pzs0cH14LCABr75C6h0INb7KIkxo5jg=s48-c-k-c0x00ffffff-no-rj,http://www.youtube.com/channel/UCPgOKt0zjYJJEAI5T9QGfWQ,{'value': 'UCPgOKt0zjYJJEAI5T9QGfWQ'},UCAQg09FkoobmLquNNoO4ulg,9gV50yAz_Is,Do Moscot Lemtosh pronunciation please..Tq.,Do Moscot Lemtosh pronunciation please..Tq.,,True,none,0,,2023-10-14T14:46:25Z,2023-10-14T14:46:25Z,en,Positive Feedback
90,Jyotika Verma,https://yt3.ggpht.com/ytc/APkrFKaODZC8wULWUGwsB9FEeV4VR5m2a_FE0PC5=s48-c-k-c0x00ffffff-no-rj,http://www.youtube.com/channel/UCYV2j0HAFocUDzaU-0nIAeA,{'value': 'UCYV2j0HAFocUDzaU-0nIAeA'},UCAQg09FkoobmLquNNoO4ulg,lKkIBuBKaYQ,I said cash at the first one,I said cash at the first one,,True,none,1,,2023-10-14T14:40:56Z,2023-10-14T14:40:56Z,en,Constructive Criticism
91,J U N G ‚ô° H O S E O K ‚ô° OFFICIAL ,https://yt3.ggpht.com/lsEJlnZ4YwzL28AlW5PPXiIXIlfIpVQKVccVNXI3TFWrTQxOvDOhZ_ZDLI2cKGHIcKCa2biEjw=s48-c-k-c0x00ffffff-no-rj,http://www.youtube.com/channel/UCJyX735eEdM4HCfufKATenA,{'value': 'UCJyX735eEdM4HCfufKATenA'},UCAQg09FkoobmLquNNoO4ulg,SoUZ3wovZAs,I decided to follow this plan <br>Thank u sm üíì,"I decided to follow this plan 
Thank u sm üíì",,True,none,0,,2023-10-14T14:39:03Z,2023-10-14T14:39:03Z,en,Positive Feedback
92,Aura Aura,https://yt3.ggpht.com/ytc/APkrFKYS9yMb5jiEMj-dZjq3isPPl6D-ofr6GX__6CAYOSKs_EiVxINj7EyKcP-S40ch=s48-c-k-c0x00ffffff-no-rj,http://www.youtube.com/channel/UCg0_kJWq0zzPTJlm7XgBw-w,{'value': 'UCg0_kJWq0zzPTJlm7XgBw-w'},UCAQg09FkoobmLquNNoO4ulg,ct_9X-gwKMs,Indians who use bothüòéüòé,Indians who use bothüòéüòé,,True,none,0,,2023-10-14T14:37:34Z,2023-10-14T14:37:34Z,en,Community
93,ItsRobloxGirlxX,https://yt3.ggpht.com/q8LyaPR1m9jUppJf0xVJzWTTfUja7_JCDhN7MGdTLvP5QCgiAbo268pWtlS_Y9K9dmJSQwKijw=s48-c-k-c0x00ffffff-no-rj,http://www.youtube.com/channel/UCpWIxQej9zChJiFybVjs2QQ,{'value': 'UCpWIxQej9zChJiFybVjs2QQ'},UCAQg09FkoobmLquNNoO4ulg,ct_9X-gwKMs,Im 100% American,Im 100% American,,True,none,0,,2023-10-14T14:28:22Z,2023-10-14T14:28:22Z,en,Community
94,dinaya,https://yt3.ggpht.com/ytc/APkrFKZCrICeCVka4_FKkMIgIydA9_jNggl6riOcRu4CoOFzPVsJb4Z-oHr0l-h9DZ5W=s48-c-k-c0x00ffffff-no-rj,http://www.youtube.com/channel/UCj73B_eAhJKNwOr8nKVz8Rg,{'value': 'UCj73B_eAhJKNwOr8nKVz8Rg'},UCAQg09FkoobmLquNNoO4ulg,8t4JKCvdLNE,üòÇüòÇüòÇüòÇüòÇüòÇüòÇüòÇGo the best love you so much forever and I think it was love,üòÇüòÇüòÇüòÇüòÇüòÇüòÇüòÇGo the best love you so much forever and I think it was love,,True,none,0,,2023-10-14T14:20:36Z,2023-10-14T14:20:36Z,en,Positive Feedback
97,That dude,https://yt3.ggpht.com/oJzXKewQ9PAluwyMsni8-IsJcoTX1_Ir_pLsf6Fi--Pv1ZcmpKNVrqBvk_YVkUPg_4lIQIqvbg=s48-c-k-c0x00ffffff-no-rj,http://www.youtube.com/channel/UCpZG950fCtNe5u1-xzwEFaA,{'value': 'UCpZG950fCtNe5u1-xzwEFaA'},UCAQg09FkoobmLquNNoO4ulg,ct_9X-gwKMs,Brithish: abeurgene<br>American: eggplant<br>2024: penis,"Brithish: abeurgene
American: eggplant
2024: penis",,True,none,0,,2023-10-14T14:12:33Z,2023-10-14T14:12:33Z,en,Questions
99,BLOX‚ÄôN‚ÄôCRAFT,https://yt3.ggpht.com/vkIOhs9Q7E3XI0geNkGsnWcw4TpCfditS3JR1XaQsIQHpbnk5HgoelC9pmoDjarXE8ONbq7XX0U=s48-c-k-c0x00ffffff-no-rj,http://www.youtube.com/channel/UCt5BvrZx3vCmKCXIFmxvqeQ,{'value': 'UCt5BvrZx3vCmKCXIFmxvqeQ'},UCAQg09FkoobmLquNNoO4ulg,ct_9X-gwKMs,I am Indian so <br>Truck üöõ<br>Toffee üç¨ <br>Biscuit üç™<br>Sweater üëï(my grandma calls it swater)<br>Brinjal üçÜ,"I am Indian so 
Truck üöõ
Toffee üç¨ 
Biscuit üç™
Sweater üëï(my grandma calls it swater)
Brinjal üçÜ",,True,none,0,,2023-10-14T13:41:25Z,2023-10-14T13:41:25Z,en,Personal Story
100,üå∫mayaüå∫,https://yt3.ggpht.com/79j7LtRq9K_JUp2S0MifhlHzpedk3A3OM9J2wmJmvKg_eSxQfCDe-2T_yagNa4ljkPSdPFHv=s48-c-k-c0x00ffffff-no-rj,http://www.youtube.com/channel/UC_WhXF4EJSdWJJZJcbU8fOg,{'value': 'UC_WhXF4EJSdWJJZJcbU8fOg'},UCAQg09FkoobmLquNNoO4ulg,ct_9X-gwKMs,In germany its üçÜaubergine,In germany its üçÜaubergine,,True,none,1,,2023-10-14T13:40:39Z,2023-10-14T13:40:39Z,en,Positive Feedback
101,Bts Army üíú,https://yt3.ggpht.com/vO3jfY4hRkbJWWaH_7dVnBCUxmKlaAGFf1YPiEMF5D45iUB6D_T3YrBDurVj0u9XDTDLDXK28t8=s48-c-k-c0x00ffffff-no-rj,http://www.youtube.com/channel/UCp2Nu5V-4jLJQKMj-dcFs_A,{'value': 'UCp2Nu5V-4jLJQKMj-dcFs_A'},UCAQg09FkoobmLquNNoO4ulg,BjdujZKbIaQ,American: Trash can<br>British: Dust bin<br><br><br>Meanwhile ME: Trash bin üòÇüòÖ,"American: Trash can
British: Dust bin


Meanwhile ME: Trash bin üòÇüòÖ",,True,none,0,,2023-10-14T13:40:25Z,2023-10-14T13:40:25Z,en,Joking
102,Chaz‚Äôs life,https://yt3.ggpht.com/Y7e4s4gFlyh79Z7OJsK5cq_e6rr9SJMDoV1fn4KdkeYBw-pu2OUnF4nirwf1mGw_yl3-Kq9nNw=s48-c-k-c0x00ffffff-no-rj,http://www.youtube.com/channel/UCSdgXlw1O0DZbGxCRZfshUQ,{'value': 'UCSdgXlw1O0DZbGxCRZfshUQ'},UCAQg09FkoobmLquNNoO4ulg,tTw2-aHcUEA,I really appreciate the way you explain clearly every object in your kitchen with a sense of fun ‚ù§,I really appreciate the way you explain clearly every object in your kitchen with a sense of fun ‚ù§,,True,none,0,,2023-10-14T13:33:55Z,2023-10-14T13:33:55Z,en,Positive Feedback
103,ChillLord,https://yt3.ggpht.com/J_NlR99F37_VtQTP-N7hJmG5JBt864iQFzSwThXPiwAcqJodt5ediT3Q_xCvPLg-4jPGcR8i6A=s48-c-k-c0x00ffffff-no-rj,http://www.youtube.com/channel/UCmIx20Vv_QmkIElQgb6Jhyw,{'value': 'UCmIx20Vv_QmkIElQgb6Jhyw'},UCAQg09FkoobmLquNNoO4ulg,ct_9X-gwKMs,With cookies and biscuit in British usually if it‚Äôs a hard biscuit it‚Äôs a biscuit but a soft one is a cookie,With cookies and biscuit in British usually if it‚Äôs a hard biscuit it‚Äôs a biscuit but a soft one is a cookie,,True,none,0,,2023-10-14T13:27:32Z,2023-10-14T13:27:44Z,en,Questions
104,@Musician Muzu,https://yt3.ggpht.com/fMrlEgAEbrmxJLL8nXQgzbBL8fNzPSCdc8zLxUNhPp_d2kSYqTXEGl-Csb3BBarFdLOH89Ri=s48-c-k-c0x00ffffff-no-rj,http://www.youtube.com/channel/UCUpUlO_f4iSWnR15WgisANg,{'value': 'UCUpUlO_f4iSWnR15WgisANg'},UCAQg09FkoobmLquNNoO4ulg,bUyNH0R-R2Y,"I am form üáÆüá≥ and ur too distinctive  ,cordial person","I am form üáÆüá≥ and ur too distinctive  ,cordial person",,True,none,0,,2023-10-14T13:25:13Z,2023-10-14T13:25:13Z,en,Positive Feedback
105,~Sam~,https://yt3.ggpht.com/vfwdkQ2EOURxSyx_RCaRefl1cl05vywxhvfYkVu8ndxCR5R17Va5LPjHk9E_nm06CApJHabDbA=s48-c-k-c0x00ffffff-no-rj,http://www.youtube.com/channel/UCkC0OIMbB_fJOqKTjJpLWWA,{'value': 'UCkC0OIMbB_fJOqKTjJpLWWA'},UCAQg09FkoobmLquNNoO4ulg,ct_9X-gwKMs,Ameican: eggplant <br>British: Aubergine<br>My language: Di-,"Ameican: eggplant 
British: Aubergine
My language: Di-",,True,none,0,,2023-10-14T13:15:23Z,2023-10-14T13:15:23Z,en,Constructive Criticism
106,humera yasmin,https://yt3.ggpht.com/98VYhxWdJN7TdUO4Aa9HV3Ts_DWWv_KVYZJdWQAHLexu8Adc28_3yzzGGfRjxrfySPU3IIiFcw=s48-c-k-c0x00ffffff-no-rj,http://www.youtube.com/channel/UC64x4RjmCDhoN2R6yj1q6RA,{'value': 'UC64x4RjmCDhoN2R6yj1q6RA'},UCAQg09FkoobmLquNNoO4ulg,ct_9X-gwKMs,Me who said toffe,Me who said toffe,,True,none,0,,2023-10-14T13:01:55Z,2023-10-14T13:01:55Z,en,Personal Story
107,üçÇAnaüìö,https://yt3.ggpht.com/zp7CjT1MeQ2yef5VWdJHHzu6Ag0FdIw7RW8eRWopAixLDUBlQI00XGifoFX0PwyWvKJHq-16ztc=s48-c-k-c0x00ffffff-no-rj,http://www.youtube.com/channel/UCsrtpg_txqhb1im-aiwG8jg,{'value': 'UCsrtpg_txqhb1im-aiwG8jg'},UCAQg09FkoobmLquNNoO4ulg,Dnfh3EQtaWw,Croastant üòÇüòÇüòÇüòÇ,Croastant üòÇüòÇüòÇüòÇ,,True,none,0,,2023-10-14T12:55:20Z,2023-10-14T12:55:20Z,en,Joking
110,Charlotte Lax,https://yt3.ggpht.com/ytc/APkrFKbQwzv3WxGFlBK9rA5JOtaWbojOVDRHYXRpPw=s48-c-k-c0x00ffffff-no-rj,http://www.youtube.com/channel/UCDw51lWv0QX4rhMM9hb4rJg,{'value': 'UCDw51lWv0QX4rhMM9hb4rJg'},UCAQg09FkoobmLquNNoO4ulg,lKkIBuBKaYQ,How mean are you,How mean are you,,True,none,0,,2023-10-14T12:47:52Z,2023-10-14T12:47:52Z,en,Questions
111,Badral Jargal,https://yt3.ggpht.com/ytc/APkrFKbak4TVPX19eCGEVcOQPGKIsudPdcEVYtB9-_n_iqGKtk7zE0A6CGYJwDnVCq7Z=s48-c-k-c0x00ffffff-no-rj,http://www.youtube.com/channel/UCGdoesKqYtnXxuB7pJyYxBQ,{'value': 'UCGdoesKqYtnXxuB7pJyYxBQ'},UCAQg09FkoobmLquNNoO4ulg,ct_9X-gwKMs,Im from mongoliaüòÇ,Im from mongoliaüòÇ,,True,none,0,,2023-10-14T12:43:56Z,2023-10-14T12:43:56Z,en,Personal Story
113,zorain memon,https://yt3.ggpht.com/ytc/APkrFKbHL44eIHCfMpwQgMXa_o7sf1urox9aGASejg=s48-c-k-c0x00ffffff-no-rj,http://www.youtube.com/channel/UCoyoc1rXN4tPCEFXOS8sEYw,{'value': 'UCoyoc1rXN4tPCEFXOS8sEYw'},UCAQg09FkoobmLquNNoO4ulg,ct_9X-gwKMs,lol i speak american english :),lol i speak american english :),,True,none,0,,2023-10-14T12:35:48Z,2023-10-14T12:35:48Z,en,Joking
115,Adile G√ºle√ß,https://yt3.ggpht.com/ytc/APkrFKYq6KWh7Zu7mA-o5tRvE-pCRJvQLVQsbzqUaQ=s48-c-k-c0x00ffffff-no-rj,http://www.youtube.com/channel/UCD-k840h1qNi4Pw6VJjr9dg,{'value': 'UCD-k840h1qNi4Pw6VJjr9dg'},UCAQg09FkoobmLquNNoO4ulg,ct_9X-gwKMs,Me:<br>Trucküá∫üá∏<br>Candyüá∫üá∏<br>Cookieüá∫üá∏<br>Jumperüá¨üáß<br>Aubergineüá¨üáß,"Me:
Trucküá∫üá∏
Candyüá∫üá∏
Cookieüá∫üá∏
Jumperüá¨üáß
Aubergineüá¨üáß",,True,none,0,,2023-10-14T12:27:53Z,2023-10-14T12:27:53Z,en,Personal Story
116,Ekaansh everything,https://yt3.ggpht.com/1DJkkkJ0Lx6fWIxvxq0BEm0RrWtTLwhd6ybXLYeuhdIF3vLEnkarAWcU1Wz_q_g1VJtcIJtf=s48-c-k-c0x00ffffff-no-rj,http://www.youtube.com/channel/UCVumpg5Ov7vX1VIIUEbB61A,{'value': 'UCVumpg5Ov7vX1VIIUEbB61A'},UCAQg09FkoobmLquNNoO4ulg,ct_9X-gwKMs,American:candy<br>British:sweet<br><br>Me:toffee,"American:candy
British:sweet

Me:toffee",,True,none,0,,2023-10-14T12:20:52Z,2023-10-14T12:20:52Z,en,Constructive Criticism
117,Ansh and Anushka,https://yt3.ggpht.com/E1NnIxPcRQPMMaVcsKnbeBj18fL0zHEMZjLU9S5C5Ou0g7hn--Md7uh6CFSTB4m9IkXJj-VjYeU=s48-c-k-c0x00ffffff-no-rj,http://www.youtube.com/channel/UCUHaaO_hmDAcJQuci0B9DVA,{'value': 'UCUHaaO_hmDAcJQuci0B9DVA'},UCAQg09FkoobmLquNNoO4ulg,ct_9X-gwKMs,American: eggplant<br>Britishers: Aubergine<br>Me(Indian): brinjal üòÇ<br>American: candy<br>Britishers: sweet<br>Me(Indian): choclate üòÇ,"American: eggplant
Britishers: Aubergine
Me(Indian): brinjal üòÇ
American: candy
Britishers: sweet
Me(Indian): choclate üòÇ",,True,none,0,,2023-10-14T12:12:21Z,2023-10-14T12:12:21Z,en,Joking
118,‚ù§Ô∏é ô Ä…™·¥Ä…¥…¥·¥Ä ï‚Ä¢·¥•‚Ä¢ î„Ç∑Ô∏é,https://yt3.ggpht.com/EPYByk-Hk1qEVHasiLpjKpi-6l5QrZb3il6_zTB3u7Fex-0OR_qqYXRT1Ht1PuySNzEbWC5ywpQ=s48-c-k-c0x00ffffff-no-rj,http://www.youtube.com/channel/UCCMvSoWy_jBfm8MnP_nZjJw,{'value': 'UCCMvSoWy_jBfm8MnP_nZjJw'},UCAQg09FkoobmLquNNoO4ulg,ct_9X-gwKMs,both,both,,True,none,0,,2023-10-14T12:11:06Z,2023-10-14T12:11:06Z,en,Personal Story
119,GTG3000,https://yt3.ggpht.com/X3ncoML9E7ZYHvZ7J_qyz1ash8qDvjbWtkMrZ4361nrEqnkqmrwzJTRaip22SzRHDzf8zuj2=s48-c-k-c0x00ffffff-no-rj,http://www.youtube.com/channel/UCb5WhEVk9VdX2xo8YuxF0gg,{'value': 'UCb5WhEVk9VdX2xo8YuxF0gg'},UCAQg09FkoobmLquNNoO4ulg,BjdujZKbIaQ,we bengali like to mix it up we calll them torch light,we bengali like to mix it up we calll them torch light,,True,none,0,,2023-10-14T12:10:18Z,2023-10-14T12:10:18Z,en,Joking
120,Zolt√°n T√≥th,https://yt3.ggpht.com/ytc/APkrFKYVxgYKtDDulnNPc3iLXJmfpSUVCd3z7e3C_w=s48-c-k-c0x00ffffff-no-rj,http://www.youtube.com/channel/UCAcJtC75N5xmtEgc1EeMTlA,{'value': 'UCAcJtC75N5xmtEgc1EeMTlA'},UCAQg09FkoobmLquNNoO4ulg,ct_9X-gwKMs,And what if i from Hungary? üá≠üá∫,And what if i from Hungary? üá≠üá∫,,True,none,0,,2023-10-14T12:08:36Z,2023-10-14T12:08:36Z,en,Questions
121,Lancer,https://yt3.ggpht.com/10WRRKHbDbHtL2Yf5gU9WZRWbDfgM3FplUeHFbkiYj0Gy8w4pTwY4QxoW1N1VAUzGSTgpe_OCg=s48-c-k-c0x00ffffff-no-rj,http://www.youtube.com/channel/UCwUzPVHWk6gfgmbEJzMEGeg,{'value': 'UCwUzPVHWk6gfgmbEJzMEGeg'},UCAQg09FkoobmLquNNoO4ulg,ct_9X-gwKMs,American:sweater      British:jumper         Me:clothesüíÄ,American:sweater      British:jumper         Me:clothesüíÄ,,True,none,0,,2023-10-14T12:07:59Z,2023-10-14T12:07:59Z,en,Personal Story
123,hi :),https://yt3.ggpht.com/Uih0LQi_ISutANSNs7Ggk0eybbc_nFFZ775SaThAjo23iAWZ4XXngmePih8NVqT3nQzbfFAT7g=s48-c-k-c0x00ffffff-no-rj,http://www.youtube.com/channel/UCpjBGbmUH8V03aMTSuy8e0A,{'value': 'UCpjBGbmUH8V03aMTSuy8e0A'},UCAQg09FkoobmLquNNoO4ulg,ct_9X-gwKMs,American: eggplant<br>British: aubergine<br>Indonesian: terONGüóø,"American: eggplant
British: aubergine
Indonesian: terONGüóø",,True,none,0,,2023-10-14T12:01:35Z,2023-10-14T12:01:35Z,en,Constructive Criticism
124,Ariyan Kurmi,https://yt3.ggpht.com/KUrkymFuIZUeaJS1IrnhMbC-TE5gSgm6J6VFLo1i-d1HfTldmqLUbxmHnnn_tb05T2Z00Vggh0E=s48-c-k-c0x00ffffff-no-rj,http://www.youtube.com/channel/UC2fxdi8xP2Or3D-xQcvsT_A,{'value': 'UC2fxdi8xP2Or3D-xQcvsT_A'},UCAQg09FkoobmLquNNoO4ulg,ct_9X-gwKMs,Ok i speak both üóø,Ok i speak both üóø,,True,none,0,,2023-10-14T11:58:08Z,2023-10-14T11:58:08Z,en,Joking
126,Verrill Rayapudi,https://yt3.ggpht.com/ytc/APkrFKaPKM3ml0zQZzkwVjlQPM8YJg3wJ3JtzXQHSjFWvsicSD6VYi0sxZLfb3BYciEy=s48-c-k-c0x00ffffff-no-rj,http://www.youtube.com/channel/UCSZnX0rLhncr5WcULnPm4sw,{'value': 'UCSZnX0rLhncr5WcULnPm4sw'},UCAQg09FkoobmLquNNoO4ulg,lKkIBuBKaYQ,Its fresh FROIZZ,Its fresh FROIZZ,,True,none,0,,2023-10-14T11:51:57Z,2023-10-14T11:51:57Z,en,New Subscriber
127,–†–∞—Ö–∏–º–∞—Ö–æ–Ω –ù–∞–∑–∞—Ä–æ–≤,https://yt3.ggpht.com/ytc/APkrFKaNfa0rr3b_hUetCokqixWOuoIj53mWtD4gGr4uHKhsGhprlaaySpIRYdME1oFQiw=s48-c-k-c0x00ffffff-no-rj,http://www.youtube.com/channel/UCyTu1oKa77gIxXOqTN-7wSg,{'value': 'UCyTu1oKa77gIxXOqTN-7wSg'},UCAQg09FkoobmLquNNoO4ulg,GnAvn1_ezXA,Thank you Marina I am from uzbekistan I am a great fan of yours,Thank you Marina I am from uzbekistan I am a great fan of yours,,True,none,0,,2023-10-14T11:39:34Z,2023-10-14T11:39:34Z,en,Positive Feedback
128,Debayu Sardar,https://yt3.ggpht.com/ytc/APkrFKZNVsPetAdJKkViW3p_ILEhBnNGQRzJzve1BJwSsg=s48-c-k-c0x00ffffff-no-rj,http://www.youtube.com/channel/UCWBAGs18YwmB_MvNC0oWU5Q,{'value': 'UCWBAGs18YwmB_MvNC0oWU5Q'},UCAQg09FkoobmLquNNoO4ulg,ct_9X-gwKMs,"Amrican-Eggplant <br>British-aubergine<br>Me-Dick,nunnu,lulli","Amrican-Eggplant 
British-aubergine
Me-Dick,nunnu,lulli",,True,none,0,,2023-10-14T11:38:22Z,2023-10-14T11:38:22Z,en,Joking
130,SingingSailorStar,https://yt3.ggpht.com/gXixNHIHRCVHow3LyJTL7kFZlxSzvu1U1ITzELYRExbTlv3JSu2oewQiuNrTe6ujJ2AtZQ102xY=s48-c-k-c0x00ffffff-no-rj,http://www.youtube.com/channel/UCVale5vJooj6fRXyBE-nJiQ,{'value': 'UCVale5vJooj6fRXyBE-nJiQ'},UCAQg09FkoobmLquNNoO4ulg,ct_9X-gwKMs,Thats not a sweet nor candy ITS A LOLLY,Thats not a sweet nor candy ITS A LOLLY,,True,none,0,,2023-10-14T11:29:59Z,2023-10-14T11:29:59Z,en,Joking
